Name,Phone,Email,Website,Zip Code,Address
Cake Box,(763) 537-6560,customcakes@thecakeboxbakery.com,http://www.thecakeboxbakery.com,55428,"6024 W Broadway Ave, Minneapolis, MN 55428"
Panaderia Ecuatoriana,(612) 354-3113,N/A,N/A,55418,"2409 Central Ave NE, Minneapolis, MN 55418"
Margo Patisserie Corporation Office,(952) 224-4849,N/A,N/A,55436,"5100 Eden Ave, Minneapolis, MN 55436"
Panaderia El Mexicano,(612) 871-6633,N/A,http://www.mercadocentral.net,55407,"920 E Lake St Ste 141, Minneapolis, MN 55407"
Au Bon Pain,(612) 343-5252,N/A,http://www.aubonpain.com,55402,"733 Marquette Ave Ste 241, Minneapolis, MN 55402"
Dur Dur Bakery & Grocery Store,(612) 721-9449,N/A,N/A,55407,"1552 E Lake St, Minneapolis, MN 55407"
Dave the Pie Guy,(612) 871-9544,Davethepieguy@Hotmail.Com,http://davethepieguy.com,55408,"3544 Grand Ave S, Minneapolis, MN 55408"
Queen of Cakes,(952) 942-7628,terri@queen-of-cakes.com,http://www.queen-of-cakes.com,55439,"7027 Amundson Ave, Minneapolis, MN 55439"
Pasteleria Gama,(612) 729-9194,candegama@yahoo.com,http://www.pasteleriagama.com,55407,"1703 E Lake St, Minneapolis, MN 55407"
San Miguel Bakery,(612) 721-8682,N/A,N/A,55407,"1623 E Lake St, Minneapolis, MN 55407"
Mon Petit Cheri,(612) 236-4831,mpcbakery@gmail.com,http://www.mpcbakery.com,55406,"2401 E Franklin Ave, Minneapolis, MN 55406"
Wuollet Bakery,(612) 767-4420,wuolletbakery@yahoo.com,N/A,55402,"200 S 6th St Ste 288, Minneapolis, MN 55402"
Thirsty Whale Bakery,(612) 259-7168,N/A,http://www.facebook.com/thirstywhalebakery,55412,"4149 Fremont Ave N, Minneapolis, MN 55412"
Gigi's Cupcakes,(763) 546-1433,N/A,https://gigiscupcakesusa.com,55427,"7722 Highway 55, Minneapolis, MN 55427"
Nestle Toll House Cafe,(952) 853-0272,N/A,http://www.nestlecafe.com,55425,"283 E Broadway, Minneapolis, MN 55425"
Cocoa & Fig,(612) 333-1485,info@cocoaandfig.com,http://www.cocoaandfig.com,55402,"651 Nicollet Mall, Minneapolis, MN 55402"
Taste of Scandinavia Bakery,(952) 358-7490,listings@greenspring.com,http://www.tasteofscandinavia.com,55420,"401 W 98th St, Minneapolis, MN 55420"
Durango Bakery,(612) 706-7950,N/A,http://durangobakerymn.com,55418,"2418 Central Ave NE, Minneapolis, MN 55418"
Wuollet Bakery,(612) 922-4341,info@wuollet.com,http://www.wuollet.com,55410,"3608 W 50th St, Minneapolis, MN 55410"
Denny's 5th Ave Bakery,(952) 881-4445,kevin@dennysbakery.com,http://www.dennysbakery.com,55420,"7840 5th Ave S, Minneapolis, MN 55420"
Butter Bakery Cafe,(612) 521-7401,info@butterbakerycafe.com,N/A,55409,"3700 Nicollet Ave, Minneapolis, MN 55409"
Heights Bakery Inc,(763) 572-0624,debdoty1845@gmail.com,https://www.facebook.com/HeightsBakeryInc,55421,"4925 Central Ave NE, Minneapolis, MN 55421"
Turtle Bread,(612) 545-5757,harvey@turtlebread.com,http://turtlebread.com,55406,"4205 E 34th St, Minneapolis, MN 55406"
Great Harvest Bread Company,(612) 929-2899,N/A,http://www.greatharvest.com,55410,"4314 Upton Ave S, Minneapolis, MN 55410"
Sarah Jane's Bakery,(612) 789-2827,sarahjanesbakery@gmail.com,http://www.sarahjanesbakery.com,55418,"2853 Johnson St NE, Minneapolis, MN 55418"
Rustica,(612) 822-1119,info@rusticabakery.com,http://www.rusticabakery.com,55416,"3224 W Lake St, Minneapolis, MN 55416"
Panaderia Lomabonita,(763) 331-0470,N/A,N/A,55421,"923 45th Ave NE, Minneapolis, MN 55421"
Sunshine Bakery,(612) 315-4458,N/A,N/A,55418,"3654 Stinson Blvd, Minneapolis, MN 55418"
Baker Properties,(952) 893-2224,N/A,N/A,55416,"1660 Highway 100 S, Minneapolis, MN 55416"
Dulceria Bakery,(612) 886-1180,N/A,N/A,55407,"1839 E 42nd St, Minneapolis, MN 55407"
Majestic Chef Bakery,(612) 987-6321,themajesticchef@gmail.com,http://themajesticchef.wordpress.com,55409,"3910 Aldrich Ave S Apt 107, Minneapolis, MN 55409"
Turtle Bread Company,(612) 924-6013,N/A,http://turtlebread.com,55410,"3421 W 44th St, Minneapolis, MN 55410"
Los Hornos Del Rey,(612) 822-2325,N/A,N/A,55408,"3041 Nicollet Ave, Minneapolis, MN 55408"
Keefer Court Food Inc Fortune Cookie Division,(612) 724-6116,sales@e-fortunecookie.com,http://www.kcfortunecookiefactory.com,55406,"2737 Minnehaha Ave, Minneapolis, MN 55406"
Los Hornos Del Rey,(612) 729-9194,N/A,N/A,55407,"1703 E Lake St, Minneapolis, MN 55407"
Donut Cooperative,(612) 353-6089,N/A,N/A,55407,"3040 Chicago Ave, Minneapolis, MN 55407"
Northside Bakery,(612) 208-1035,N/A,N/A,55411,"1500 W Broadway Ave, Minneapolis, MN 55411"
Bc2,(612) 354-2633,N/A,N/A,55413,"1620 Central Ave NE, Minneapolis, MN 55413"
Sunbeam It,(612) 341-2251,N/A,N/A,55402,"800 Nicollet Mall, Minneapolis, MN 55402"
Quaker Bakery Brands Inc,(612) 315-4970,N/A,N/A,55402,"80 S 8th St, Minneapolis, MN 55402"
El Sabor Chuchi,(612) 481-7040,N/A,N/A,55407,"717 E Lake St, Minneapolis, MN 55407"
Hugues Lao French Bakery,(612) 333-5910,N/A,N/A,55401,"250 2nd Ave S Ste 240, Minneapolis, MN 55401"
Original American Scones,(612) 676-0030,N/A,N/A,55414,"727 Kasota Ave SE, Minneapolis, MN 55414"
Lowry Hills Cafes Inc,(612) 870-1110,N/A,https://www.frenchmeadowcafe.com,55408,"2610 Lyndale Ave S, Minneapolis, MN 55408"
Parasole Bakery,(612) 879-8850,N/A,http://www.parasole.com,55403,"1402 1st Ave S, Minneapolis, MN 55403"
Sweet Treats by Carrie,(612) 437-0512,sweettreatsbycarrie@gmail.com,N/A,55427,"2901 Hillsboro Ave N, Minneapolis, MN 55427"
La Ideal Bakery,(612) 822-6172,N/A,N/A,55408,"419 E Lake St, Minneapolis, MN 55408"
Au Bon Pain,(612) 341-4420,catering@aubonpain.com,http://www.aubonpain.com,55402,"225 S 6th St Ste 8, Minneapolis, MN 55402"
Marissa's Bakery,(612) 822-7292,marissasinc@gmail.com,http://www.marissasinc.com,55409,"3733 Nicollet Ave, Minneapolis, MN 55409"
Muddy Paws Cheesecake,(763) 545-7161,N/A,N/A,55416,"2955 Yosemite Ave S, Minneapolis, MN 55416"
3 Tiers Inc,(612) 746-1767,N/A,http://www.3tierscakes.com,55417,"5011 34th Ave S, Minneapolis, MN 55417"
Christina's Cafe & Bakery,(612) 375-0791,N/A,N/A,55401,"121 N 4th St, Minneapolis, MN 55401"
Main Street Bakery-Edina,(952) 943-8008,N/A,http://www.msbakery.com,55439,"6947 Washington Ave S, Minneapolis, MN 55439"
Cake Eater Bakery,(612) 354-7178,sheela@cakeeaterbakery.com,N/A,55406,"2929 E 25th St, Minneapolis, MN 55406"
Solomon's Bakery,(612) 788-1261,N/A,http://solomonsbakeshop.com,55418,"2401 Central Ave NE, Minneapolis, MN 55418"
Pan-O-Gold Baking Co,(763) 559-1515,info@panogold.com,http://www.panogold.com,55447,"3200 Ranchview Ln N, Minneapolis, MN 55447"
Evil Cake Genius,(952) 303-6379,N/A,N/A,55437,"10824 Normandale Blvd, Minneapolis, MN 55437"
The Copper Hen Cakery & Kitchen,(612) 872-2221,info@copperhenkitchen.com,http://copperhenkitchen.com,55404,"2515 Nicollet Ave, Minneapolis, MN 55404"
Bakers Square,(763) 422-9077,N/A,http://www.bakerssquare.com,55448,"12951 Riverdale Dr NW, Minneapolis, MN 55448"
Nelson's Meat,(952) 935-9092,kpage12180@aol.com,http://www.nelsonsmeats.com,55416,"6318 Minnetonka Blvd, Minneapolis, MN 55416"
Honey & Rye Bakehouse,(612) 844-2555,info@honey-and-rye.com,https://www.honey-and-rye.com/contact,55416,"4501 Excelsior Blvd, Minneapolis, MN 55416"
Sun Street Breads,(612) 354-3414,N/A,http://www.sunstreetbreads.com,55419,"4600 Nicollet Ave, Minneapolis, MN 55419"
Glam Doll Donuts,(612) 345-7064,Arwyn@glamdolldonuts.com,http://www.glamdolldonuts.com,55408,"2605 Nicollet Ave, Minneapolis, MN 55408"
Yum,(952) 922-4000,takehome@yumkitchen.com,http://www.yumkitchen.com,55416,"4000 Minnetonka Blvd, Minneapolis, MN 55416"
Patisserie 46,(612) 354-3257,info@patisserie46.com,http://www.patisserie46.com,55419,"4552 Grand Ave S, Minneapolis, MN 55419"
Walmart - Bakery,(763) 424-4842,N/A,http://www.walmart.com,55445,"8000 Lakeland Ave N, Minneapolis, MN 55445"
A Baker's Wife,(612) 729-6898,N/A,http://www.facebook.com/aBakersWife,55406,"4200 28th Ave S, Minneapolis, MN 55406"
French Meadow Bakery & Cafe,(612) 870-7855,manager@frenchmeadowcafe.com,N/A,55408,"2610 Lyndale Ave S, Minneapolis, MN 55408"
Walmart - Bakery,(763) 780-9400,save@photos.walmart.com,http://www.walmart.com,55432,"8450 University Ave NE, Minneapolis, MN 55432"
Natural Ovens Bakery Inc,(952) 881-6196,N/A,N/A,55431,"9100 W Bloomington Fwy, Minneapolis, MN 55431"
Isles Bun & Coffee,(612) 870-4466,jerry@mplslakes.com,http://www.islesbun.com,55408,"1424 W 28th St, Minneapolis, MN 55408"
Ralcorp Frozen Bakery Products,(763) 571-5043,N/A,N/A,55432,"7350 Commerce Ln NE, Minneapolis, MN 55432"
California Bakery,(763) 717-1720,N/A,N/A,55432,"8347 University Ave NE, Minneapolis, MN 55432"
Cocktail Cupcakes and Specialty Services,(763) 205-3563,N/A,N/A,55429,"3260 County Road 10, Minneapolis, MN 55429"
Cup Cake Inc,(612) 378-4818,N/A,http://cup-cake.com,55414,"3338 University Ave SE, Minneapolis, MN 55414"
Cafe Donuts & Cool Cups Yogurt,(612) 338-5044,social@cafedonutsmn.com,http://www.cafedonutsmn.com,55402,"120 S 6th St, Minneapolis, MN 55402"
Old Fashioned Donut Shoppe,(763) 544-1680,N/A,https://old-fashion-donut-shoppe.business.site,55422,"2720 Douglas Dr N, Minneapolis, MN 55422"
Bruegger's Bagels,(612) 617-9617,franchise@brueggers.com,https://locations.brueggers.com/us/mn/minneapolis/228-east-hennepin-avenue?y_source=1_OTczMjE0My01NTMtbG9jYXRpb24ud2Vic2l0ZQ%3D%3D,55414,"228 E Hennepin Ave, Minneapolis, MN 55414"
Almsted's Fresh Market,(763) 537-4551,almstedscrystal@hotmail.com,http://www.almstedsmarkets.com,55422,"4200 Douglas Dr N, Minneapolis, MN 55422"
New French Bakery,(612) 455-7500,peter@newfrenchbakery.com,http://www.newfrenchbakery.com,55406,"2609 26th Ave S, Minneapolis, MN 55406"
Bruegger's,(612) 623-9522,N/A,http://www.brueggers.com,55414,"319 14th Ave SE, Minneapolis, MN 55414"
Trex Cookie Company,(612) 345-5815,N/A,http://www.facebook.com/trexcookie,55414,"3338 University Ave SE, Minneapolis, MN 55414"
Pizza Biga,(612) 823-7333,N/A,N/A,55407,"4762 Chicago Ave, Minneapolis, MN 55407"
Bordertown Coffee,(612) 379-7277,abigailalldaffer@bordertowncoffee.com,http://www.bordertowncoffee.org,55414,"315 16th Ave SE, Minneapolis, MN 55414"
Black Walnut Bakery,(612) 353-6552,N/A,http://www.blackwalnutbakery.com,55408,"3157 Hennepin Ave, Minneapolis, MN 55408"
Patrick's Bakery & Cafe,(612) 861-9277,info@frenchmeadowcafe.com,http://www.patricksbakerycafe.com,55419,"6010 Lyndale Ave S, Minneapolis, MN 55419"
A Cupcake Social,(651) 243-1114,acupcakesocial@gmail.com,http://www.acupcakesocial.com,55406,"3800 28th Ave S, Minneapolis, MN 55406"
Glam Doll Donuts,(612) 223-8071,N/A,http://glamdolldonuts.com,55413,"519 Central Ave NE, Minneapolis, MN 55413"
Carlo's Bakery,(612) 389-0646,N/A,http://www.carlosbakery.com,55425,"60 E Broadway, Minneapolis, MN 55425"
Bakers Square,(763) 424-1464,N/A,http://www.bakerssquare.com,55445,"8000 Brooklyn Blvd, Minneapolis, MN 55445"
Coffee & Bagels,(612) 333-9088,N/A,https://www.einsteinbros.com/?y_source=1_ODg2NTM1MC01NTMtbG9jYXRpb24ud2Vic2l0ZQ%3D%3D,55415,"550 S 4th St Ste 230, Minneapolis, MN 55415"
Bruegger's Bagels,(612) 822-5401,facebook@brueggers.com,https://locations.brueggers.com/us/mn/minneapolis/4554-nicollet-avenue-south?y_source=1_OTczMjEyMi01NTMtbG9jYXRpb24ud2Vic2l0ZQ%3D%3D,55419,"4554 Nicollet Ave, Minneapolis, MN 55419"
Shega Foods,(612) 341-4373,N/A,https://www.minnesotamonthly.com,55404,"2111 E Franklin Ave Ste 3, Minneapolis, MN 55404"
Bruegger's Bagels,(612) 339-3311,franchise@brueggers.com,https://locations.brueggers.com/us/mn/minneapolis/651-nicollet-mall?y_source=1_OTczMjA3Ni01NTMtbG9jYXRpb24ud2Vic2l0ZQ%3D%3D,55402,"651 Nicollet Mall Ste 139, Minneapolis, MN 55402"
Bruegger's,(612) 338-3577,N/A,http://www.brueggers.com,55403,"50 S 10th St, Minneapolis, MN 55403"
Bruegger's,(612) 238-3500,franchise@brueggers.com,http://www.brueggers.com,55402,"121 S 8th St Ste 260, Minneapolis, MN 55402"
La Mexicana Grocery Store,(612) 724-5419,LaGuadalupanaInc@gmail.com,http://lamexicanasupermercado.com,55407,"1522 E Lake St, Minneapolis, MN 55407"
Bogart's Doughnut Co,(612) 259-7700,hello@bogartsdoughnutco.com,http://www.bogartsdoughnutco.com,55402,"80 S 8th St, Minneapolis, MN 55402"
Lunds & Byerlys,(952) 896-0092,N/A,http://www.lundsandbyerlys.com,55437,"5159 W 98th St, Minneapolis, MN 55437"
Lunds & Byerlys,(952) 548-1400,contact@lundsandbyerlys.com,http://www.lundsandbyerlys.com,55424,"4100 W 50th St Ste 100, Minneapolis, MN 55424"
Bruegger's,(612) 929-6634,facebook@brueggers.com,http://www.brueggers.com,55419,"4953 Penn Ave S, Minneapolis, MN 55419"
Bruegger's,(612) 823-2756,customercare@zipscene.com,http://www.brueggers.com,55408,"1500 W Lake St, Minneapolis, MN 55408"
Trotter's Cafe & Bakery,(651) 645-8950,eatlocal@trotterscafe.com,http://www.trotterscafe.com,55104,"232 Cleveland Ave N, Saint Paul, MN 55104"
Bruegger's,(952) 854-5326,N/A,http://www.brueggers.com,55425,"338 S Avenue, Minneapolis, MN 55425"
Lunds & Byerlys,(952) 926-6833,Contact@LundsandByerlys.com,http://www.lundsandbyerlys.com,55424,"3945 W 50th St, Minneapolis, MN 55424"
Lunds & Byerlys,(612) 825-2440,askfoode@lundsandbyerlys.com,http://www.lundsandbyerlys.com,55408,"1450 W Lake St, Minneapolis, MN 55408"
Great American Cookies,(952) 858-9814,N/A,http://www.greatamericancookies.com,55425,"60 E Broadway, Minneapolis, MN 55425"
Buttercream,(651) 642-9400,weddings@buttercream.info,http://www.buttercream.info,55114,"682 Transfer Rd, Saint Paul, MN 55114"
,,N/A,N/A,,N/A
Bakers Square,(763) 786-5262,N/A,http://www.bakerssquare.com,55434,"221 County Road 10 NE, Minneapolis, MN 55434"
Perkins Restaurant & Bakery,(763) 544-8859,N/A,http://www.perkinsrestaurants.com,55427,"8806 Highway 55, Minneapolis, MN 55427"
Pan-O-Gold Baking Co,(612) 340-9696,N/A,http://panogold.com,55401,N/A
Lone Doughnut,(612) 334-9585,N/A,N/A,55416,"1660 Highway 100 S, Minneapolis, MN 55416"
Nikola's Bakery,(952) 253-5991,dir@nikolasbakery.com,http://www.nikolasbakery.com,55420,"8301 Grand Ave S Ste 110, Minneapolis, MN 55420"
First National Bagel Co,(763) 541-0071,N/A,N/A,55427,"Po Box 27431, Minneapolis, MN 55427"
New French Bakery,(612) 465-8116,info@newfrenchbakery.com,http://www.newfrenchbakery.com,55414,"828 Kasota Ave SE, Minneapolis, MN 55414"
Bagelman's New York Bakery & Deli,(612) 305-4880,N/A,N/A,55402,"825 Hennepin Ave, Minneapolis, MN 55402"
Chez Arnaud,(651) 330-4453,N/A,N/A,55105,"1085 Grand Ave, Saint Paul, MN 55105"
Ks Bakery,(651) 348-7574,N/A,N/A,55113,"1235 Larpenteur Ave W, Saint Paul, MN 55113"
Chez Araunz,(651) 633-9801,N/A,N/A,55112,"833 3rd St SW, Saint Paul, MN 55112"
Walmart - Bakery,(612) 788-1303,N/A,http://www.walmart.com,55113,"1960 Twin Lakes Pkwy, Roseville, MN 55113"
Walmart - Bakery,(952) 854-5600,N/A,http://www.walmart.com,55420,"700 American Blvd E, Bloomington, MN 55420"
St Paul Cakes Inc,(651) 528-8316,N/A,N/A,55105,"1580 Grand Ave, Saint Paul, MN 55105"
Cinnabon,(786) 810-9400,N/A,https://locations.cinnabon.com/mn/st.-paul/minneapolis-saint-paul-international-airport?utm_source=extnet&utm_medium=organic&utm_campaign=locations_partner,55111,"Minneapolis-Saint Paul International Airport Terminal 1, St. Paul, MN 55111"
Cocoa & Fig,(952) 540-4300,laurie@cocoaandfig.com,http://www.cocoaandfig.com,55435,"6807 York Ave S, Bloomington, MN 55435"
Sugar Incentives,(952) 938-0743,N/A,http://www.batoryfoods.com,55343,"175 Jackson Ave N Ste 100, Hopkins, MN 55343"
Hopkins Thrift Bakery,(952) 931-9679,sales@hopkinsfirestone.com,http://www.mda.state.mn.us,55343,"1812 Mainstreet, Hopkins, MN 55343"
Silhouette Bakery & Bistro,(651) 348-7661,N/A,http://www.silhouettebakery.com,55103,"383 University Ave W, Saint Paul, MN 55103"
The Cake Diva,(612) 998-9592,jjuliff@thecakediva.biz,http://www.thecakediva.biz,55117,"955 Mackubin St, Saint Paul, MN 55117"
Amy's Cupcake Shoppe,(952) 479-7516,amy@amyscupcakeshoppe.com,http://www.amyscupcakeshoppe.com,55343,"701 Mainstreet, Hopkins, MN 55343"
Al Hues Bakery & Deli,(651) 602-0231,N/A,https://aihuesbakerydeli.netwaiter.com/saint-paul/about,55103,"432 University Ave W # B, Saint Paul, MN 55103"
La Patisserie,(651) 690-8973,blazeone1@live.com,N/A,55105,"1570 Randolph Ave, Saint Paul, MN 55105"
Walmart - Bakery,(651) 453-0343,N/A,http://www.walmart.com,55118,"1644 Robert St S, Saint Paul, MN 55118"
It Takes the Cake,(952) 544-0303,jeanine@ittakesthecakeonline.com,N/A,55305,"10902 Greenbrier Rd, Hopkins, MN 55305"
Osseo,(800) 275-8777,N/A,N/A,55369,"125 1st Ave NW, Osseo, MN 55369"
Multifoods Corporation North America Bakery Division,(952) 404-7571,N/A,N/A,55305,"111 Cheshire Ln Ste 100, Hopkins, MN 55305"
French Meadow Bakery,(651) 454-5095,customercare@rich.com,http://frenchmeadow.com,55121,"1000 Apollo Rd Ste 200, Saint Paul, MN 55121"
Luna's Specialty Bakery & Cafe,(763) 496-1284,lunasspecialtybakeryandcafe@gmail.com,http://www.lunasofosseo.com,55369,"319 Central Ave, Osseo, MN 55369"
Tio Santiago Bakery,(651) 776-5556,N/A,N/A,55106,"1532 White Bear Ave N, Saint Paul, MN 55106"
Exquisite Cake Bakery,(651) 738-9177,panaderialindoamanecer@gmail.com,http://exquisitecakebakery.com,55106,"1622 White Bear Ave N, Saint Paul, MN 55106"
Baldinger Bakery,(651) 224-5761,N/A,http://www.baldingerbakery.com,55106,"1256 Phalen Blvd, Saint Paul, MN 55106"
Taste of Love Bakery,(651) 321-4455,order@tasteoflovebakery.com,N/A,55118,"870 Dodd Rd, West Saint Paul, MN 55118"
Buttercream Collection,(952) 249-0390,buttercream.stillwater@gmail.com,http://www.buttercream.info,55391,"18172 Minnetonka Blvd, Wayzata, MN 55391"
Panaderia Los Castillos,(651) 457-1200,N/A,N/A,55118,"1201 Robert St S, Saint Paul, MN 55118"
Nothing Bundt Cakes,(952) 546-1406,minnetonka@nothingbundtcakes.com,http://nothingbundtcakes.com/bakery/MN/minnetonka,55305,"12987 Ridgedale Dr, Minnetonka, MN 55305"
San Miguel,(651) 774-3110,N/A,N/A,55130,"886 Payne Ave, Saint Paul, MN 55130"
Lunds Markets Bakery & Deli,(952) 476-2226,N/A,http://lundsandbyerlys.com,55391,"1151 Wayzata Blvd E, Wayzata, MN 55391"
Breadsmith,(952) 920-2778,d.wright@breadsmith.com,http://www.breadsmithmn.com,55424,"3939 W 50th St, Edina, MN 55424"
Don Panchos Bakery,(651) 774-2204,N/A,https://www.facebook.com/pages/category/Dessert-Shop/Morelos-Bakery-516869088375620,55106,"1248 Arcade St, Saint Paul, MN 55106"
Maplewood Bakery,(651) 777-9331,maplewoodbakery@hotmail.com,http://www.facebook.com/MaplewoodBakery,55109,"1351 Frost Ave Ste 3, Saint Paul, MN 55109"
Cinnabon,(651) 773-5505,investor@christopherandbanks.com,https://locations.cinnabon.com/mn/maplewood/3001-white-bear-ave?utm_source=extnet&utm_medium=organic&utm_campaign=locations_partner,55109,"3001 White Bear Ave N Ste 2023, Maplewood, MN 55109"
,,N/A,N/A,,N/A
St Paul Classic Cookie Co,(651) 202-3713,N/A,http://saintpaulclassiccookie.blogspot.com,55114,"2386 Territorial Rd, Saint Paul, MN 55114"
Keys Cafe & Bakery,(651) 487-5397,jean@keyscafe.com,http://www.keyscafe.com,55113,"1682 Lexington Ave N, Saint Paul, MN 55113"
Mojo Monkey Donuts,(651) 224-0142,lisa@mojomonkey.biz,http://www.mojomonkey.biz,55102,"1169 7th St W, Saint Paul, MN 55102"
Highland Cafe & Bakery,(651) 698-3400,N/A,http://www.highlandcafeandbakery.com,55116,"2012 Ford Pkwy, Saint Paul, MN 55116"
Cafe Latte,(651) 224-5687,latte@cafelatte.com,https://www.cafelatte.com,55105,"850 Grand Ave, Saint Paul, MN 55105"
Bruegger's,(651) 646-8632,N/A,http://www.brueggers.com,55108,"2233 Energy Park Dr, Saint Paul, MN 55108"
Bruegger's Bagels,(952) 545-0398,franchise@brueggers.com,https://locations.brueggers.com/us/mn/st-louis-park/1650-park-place-blvd?y_source=1_OTczMjE1MS01NTMtbG9jYXRpb24ud2Vic2l0ZQ%3D%3D,55416,"1650 Park Place Blvd Ste 100, St Louis Park, MN 55416"
The Finnish Bistro,(651) 645-9181,info@finnishbistro.com,http://www.finnishbistro.com,55108,"2264 Como Ave, Saint Paul, MN 55108"
Dunkin',(612) 254-8420,N/A,https://locations.dunkindonuts.com/en/mn/richfield/6529-penn-ave-s/356550?utm_source=yext&utm_medium=local&utm_campaign=localmaps&utm_content=356550,55423,"6529 Penn Ave S, Richfield, MN 55423"
Baklava Etc,(612) 840-6910,N/A,N/A,,N/A
Browers Brownies,(612) 378-7782,N/A,N/A,,N/A
Jerry's Foods Edina,(952) 929-2685,jconnolly@jerrysfoods.com,http://www.jerrysfoods.com,55436,"5125 Vernon Ave S, Edina, MN 55436"
Keys Cafe & Bakery,(651) 646-5756,jean@keyscafe.com,http://www.keyscafe.com,55114,"767 Raymond Ave, Saint Paul, MN 55114"
Bruegger's,(651) 225-4363,fonofrio@mason23.com,http://www.brueggers.com,55102,"1 7th Pl W, Saint Paul, MN 55102"
Bruegger's Bagels,(651) 699-8011,N/A,https://locations.brueggers.com/us/mn/saint-paul/2136-ford-parkway?y_source=1_OTczMjA0OS01NTMtbG9jYXRpb24ud2Vic2l0ZQ%3D%3D,55116,"2136 Ford Pkwy, Saint Paul, MN 55116"
The Tea Garden,(651) 690-3495,N/A,http://www.steepery.com,55105,"1692 Grand Ave, Saint Paul, MN 55105"
Bakers Square,(651) 631-3322,mail@anokaareachamber.com,http://www.bakerssquare.com,55113,"1881 Highway 36 W, Saint Paul, MN 55113"
Lunds & Byerlys,(952) 935-0198,catering@lundsandbyerlys.com,http://www.lundsandbyerlys.com,55305,"11400 Highway 7, Hopkins, MN 55305"
Keys Cafe & Bakery,(651) 222-4083,N/A,http://www.keyscafe.com,55101,"504 Robert St N, Saint Paul, MN 55101"
Lunds & Byerlys,(651) 633-6949,contact@lundsandbyerlys.com,http://www.lundsandbyerlys.com,55113,"1601 County Road C W, Saint Paul, MN 55113"
Lunds & Byerlys,(651) 999-1600,N/A,http://www.lundsandbyerlys.com,55101,"115 10th St E, Saint Paul, MN 55101"
Bouquets By Carolyn,(651) 487-8122,N/A,N/A,55104,"920 Selby Ave, Saint Paul, MN 55104"
Perkins Restaurant & Bakery,(651) 482-9234,N/A,http://www.perkinsrestaurants.com,55126,"3855 Lexington Ave N, Saint Paul, MN 55126"
Bruegger's Bagels,(952) 926-2696,franchise@brueggers.com,https://locations.brueggers.com/us/mn/edina/7101-france-avenue?y_source=1_OTczMjEzNy01NTMtbG9jYXRpb24ud2Vic2l0ZQ%3D%3D,55435,"7101 France Ave S, Edina, MN 55435"
Bruegger's Bagels,(952) 703-0443,franchise@brueggers.com,https://locations.brueggers.com/us/mn/bloomington/7801-southtown-center?y_source=1_OTczMjEyNC01NTMtbG9jYXRpb24ud2Vic2l0ZQ%3D%3D,55431,"7801 Southtown Ctr, Bloomington, MN 55431"
PJ Murphy's Bakery,(651) 699-9292,info@pjmurphybakery.com,http://www.pjmurphybakery.com,55105,"1279 Randolph Ave, Saint Paul, MN 55105"
Bruegger's Bagels and Caribou Coffee,(651) 578-0580,N/A,https://locations.brueggers.com/us/mn/saint-paul/2133-hudson-road?y_source=1_OTczMjEzMy01NTMtbG9jYXRpb24ud2Vic2l0ZQ%3D%3D,55119,"2133 Hudson Rd Ste 3, Saint Paul, MN 55119"
Dunkin',(952) 851-9653,N/A,https://locations.dunkindonuts.com/en/mn/bloomington/1700-american-blvd-e/356876?utm_source=yext&utm_medium=local&utm_campaign=localmaps&utm_content=356876,55425,"1700 American Blvd E Great Wolf Lodge, Bloomington, MN 55425"
Bruegger's Bagels,(651) 688-0400,franchise@brueggers.com,https://locations.brueggers.com/us/mn/eagan/3450-pilot-knob-road?y_source=1_OTczMjI0MC01NTMtbG9jYXRpb24ud2Vic2l0ZQ%3D%3D,55122,"3450 Pilot Knob Rd, Eagan, MN 55122"
Dunkin',(763) 273-8679,N/A,https://locations.dunkindonuts.com/en/mn/maple-grove/9595-zachary-lane-n/356656?utm_source=yext&utm_medium=local&utm_campaign=localmaps&utm_content=356656,55369,"9595 Zachary Ln N, Maple Grove, MN 55369"
Perkins Restaurant & Bakery,(651) 770-6540,N/A,https://stores.perkinsrestaurants.com/us/mn/maplewood/1829-n-saint-paul-rd.html,55109,"1829 N Saint Paul Rd, Maplewood, MN 55109"
Lunds & Byerlys,(651) 653-0000,N/A,http://www.lundsandbyerlys.com,55127,"4630 Centerville Rd, White Bear Lake, MN 55127"
Perkins Restaurant & Bakery,(651) 777-2423,N/A,https://stores.perkinsrestaurants.com/us/mn/maplewood/2009-county-road-d-e.html,55109,"2009 County Road D E, Maplewood, MN 55109"
Perkins Restaurant & Bakery,(763) 493-4444,N/A,https://stores.perkinsrestaurants.com/us/mn/brooklyn-park/8585-aspen-lane-n.html,55445,"8585 Aspen Ln N, Brooklyn Park, MN 55445"
Perkins Restaurant & Bakery,(612) 404-2196,N/A,https://stores.perkinsrestaurants.com/us/mn/bloomington/8324-lyndale-ave-south.html,55420,"8324 Lyndale Ave S, Bloomington, MN 55420"
Bruegger's Bagels and Caribou Coffee,(763) 559-6968,N/A,https://locations.brueggers.com/us/mn/maple-grove/13384-bass-lake-rd?y_source=1_OTczMjE3OC01NTMtbG9jYXRpb24ud2Vic2l0ZQ%3D%3D,55311,"13384 Bass Lake Rd Ste 104, Maple Grove, MN 55311"
Perkins Restaurant & Bakery,(651) 426-1643,N/A,https://stores.perkinsrestaurants.com/us/mn/vadnais-heights/1045-county-road-e.html,55110,"1045 County Road E E, Vadnais Heights, MN 55110"
Amore Coffee,(651) 330-0570,cathy@amorecoffee.com,https://www.amorecoffee.com,55118,"879 Smith Ave S, Saint Paul, MN 55118"
Perkins Restaurant & Bakery,(763) 424-2020,N/A,https://stores.perkinsrestaurants.com/us/mn/maple-grove/11801-73rd-ave-n.html,55369,"11801 73rd Ave N, Maple Grove, MN 55369"
Perkins Restaurant & Bakery,(763) 328-0251,N/A,https://stores.perkinsrestaurants.com/us/mn/plymouth/2945-empire-ln-n.html,55447,"2945 Empire Ln N, Plymouth, MN 55447"
Lunds & Byerlys,(651) 686-9669,contact@lundsandbyerlys.com,http://www.lundsandbyerlys.com,55121,"1299 Promenade Pl, Saint Paul, MN 55121"
Yum Kitchen & Bakery,(952) 933-6001,N/A,http://www.yumkitchen.com,55343,"6001 Shady Oak Rd S, Hopkins, MN 55343"
Perkins Restaurant & Bakery,(651) 454-8369,N/A,https://stores.perkinsrestaurants.com/us/mn/eagan/1345-towne-centre-dr.html,55123,"1345 Town Centre Dr, Eagan, MN 55123"
Taste Of Scandinavia Bakery Cafe & Catering,(651) 482-8285,djohnson@tasteofscandinavia.com,http://www.tasteofscandinavia.com,55127,"845 Village Center Dr, Saint Paul, MN 55127"
Perkins Restaurant & Bakery,(763) 328-0253,N/A,https://stores.perkinsrestaurants.com/us/mn/bloomington/4201-w-78th-st.html,55435,"4201 W 78th St, Bloomington, MN 55435"
Puffy Cream Donut Plus,(651) 686-8342,N/A,https://www.facebook.com/Puffy-Cream-Donuts-Plus-111890812175929,55121,"3390 Coachman Rd, Saint Paul, MN 55121"
Bruegger's Bagels and Caribou Coffee,(651) 636-5655,customercare@zipscene.com,N/A,55113,"2111 Snelling Ave N, Roseville, MN 55113"
Perkins Restaurant & Bakery,(763) 786-4042,N/A,http://www.perkinsrestaurants.com,55112,"2214 Mounds View Blvd, Saint Paul, MN 55112"
Bruegger's Bagels,(952) 927-9446,franchise@brueggers.com,https://locations.brueggers.com/us/mn/edina/4412-france-ave-s?y_source=1_OTczMjA1MC01NTMtbG9jYXRpb24ud2Vic2l0ZQ%3D%3D,55410,"4412 France Ave S, Edina, MN 55410"
Legacy Chocolates,(651) 340-5252,info@legacychocolates.com,http://legacychocolates.com,55101,"141 4th St E Apt 230, Saint Paul, MN 55101"
Grandma's Bakery,(651) 762-2900,info@grandmasbakery.com,http://www.grandmasbakery.com,55110,"2184 4th St Ste B, Saint Paul, MN 55110"
Farina Baking Company,(651) 253-7126,info@farinabakingcompany.com,http://www.farinabakingcompany.com,,N/A
Key's Cafe & Bakery,(651) 426-2885,N/A,http://www.keyscafe.com,55110,"2208 4th St, Saint Paul, MN 55110"
Bakers Square,(651) 770-9070,N/A,http://www.bakerssquare.com,55109,"3088 White Bear Ave N, Saint Paul, MN 55109"
Bruegger's Bagels,(651) 486-7135,franchise@brueggers.com,https://locations.brueggers.com/us/mn/north-oaks/111-village-center-drive?y_source=1_OTczMjEwNC01NTMtbG9jYXRpb24ud2Vic2l0ZQ%3D%3D,55127,"111 Village Center Dr, North Oaks, MN 55127"
Edible Solutions,(763) 592-9771,ediblesolutions@comcast.net,http://www.ediblesolutions.net,55311,"17934 68th Ave N, Osseo, MN 55311"
Bruegger's Bagels,(952) 238-1388,franchise@brueggers.com,https://locations.brueggers.com/us/mn/minnetonka/4781-county-road-101?y_source=1_OTczMjI2MS01NTMtbG9jYXRpb24ud2Vic2l0ZQ%3D%3D,55345,"4781 County Road 101, Minnetonka, MN 55345"
Bruegger's Bagels,(952) 395-3601,franchise@brueggers.com,https://locations.brueggers.com/us/mn/wayzata/1179a-e-wayzata-blvd?y_source=1_OTczMjE1NS01NTMtbG9jYXRpb24ud2Vic2l0ZQ%3D%3D,55391,"1179A Wayzata Blvd E, Wayzata, MN 55391"
Perkins Restaurant & Bakery,(651) 777-8306,N/A,http://www.perkinsrestaurants.com,55106,"694 White Bear Ave N, Saint Paul, MN 55106"
Desserts by Regina,(651) 230-0434,N/A,N/A,55119,"1847 Woodcrest Dr, Saint Paul, MN 55119"
Perkins Restaurant & Bakery,(952) 474-2568,N/A,http://www.perkinsrestaurants.com,55345,"17701 Highway 7, Minnetonka, MN 55345"
Lunds & Byerlys,(952) 512-7700,N/A,http://www.lundsandbyerlys.com,55345,"14400 Excelsior Blvd, Minnetonka, MN 55345"
Dunkin',(612) 255-8934,N/A,https://locations.dunkindonuts.com/en/mn/bloomington/60-e-broadway/359446?utm_source=yext&utm_medium=local&utm_campaign=localmaps&utm_content=359446,55425,"60 E Broadway Spc E280, Bloomington, MN 55425"
Dunkin',(651) 207-5593,N/A,https://locations.dunkindonuts.com/en/mn/west-saint-paul/1224-robert-st-s/356643?utm_source=yext&utm_medium=local&utm_campaign=localmaps&utm_content=356643,55118,"1224 Robert St S, West Saint Paul, MN 55118"
Dunkin',(651) 478-4795,Ruben.Reyes@dunkinbrands.com,https://locations.dunkindonuts.com/en/mn/eagan/1420-yankee-doodle-rd/356642?utm_source=yext&utm_medium=local&utm_campaign=localmaps&utm_content=356642,55121,"1420 Yankee Doodle Rd, Eagan, MN 55121"
Bruegger's,(651) 578-0580,franchise@brueggers.com,http://www.brueggers.com,55119,"2133 Old Hudson Rd, Saint Paul, MN 55119"
"Butter, Cream & Berries",,N/A,N/A,,N/A
Hy-Vee,(763) 531-7462,hvcs@hy-vee.com,http://www.hy-vee.com,,N/A
Take'n'bake,(651) 503-1969,N/A,N/A,,N/A
Dunkin',(763) 284-1900,N/A,https://locations.dunkindonuts.com/en/mn/fridley/8300-university-ave-ne/357473?utm_source=yext&utm_medium=local&utm_campaign=localmaps&utm_content=357473,55432,"8300 University Ave NE, Fridley, MN 55432"
Bakers Square,(651) 455-1546,N/A,http://www.bakerssquare.com,55118,"1949 Robert St S, Saint Paul, MN 55118"
Chez Arnaud,(763) 568-7756,N/A,N/A,55311,"13332 Bass Lake Rd, Maple Grove, MN 55311"
Jerry's Foods Eden Prairie,(952) 941-9680,contact@jerrysfoods.com,https://www.jerrysfoods.com/stores/eden-prairie,55344,"9625 Anderson Lakes Pkwy, Eden Prairie, MN 55344"
Bruegger's,(952) 545-4114,N/A,http://www.brueggers.com,55305,"1808 Plymouth Rd, Hopkins, MN 55305"
Trufles & Tortes,(952) 473-8585,N/A,http://trufflesandtortes.com,55391,"3105 Shores Blvd, Wayzata, MN 55391"
DSW @ Hy-Vee Brooklyn Park,(763) 488-4500,info@dswinc.com,https://stores.dsw.com/usa/mn/brooklynpark/dsw-designer-shoe-warehouse-9409-zane-ave-n.html?y_source=1_MTc0MTgzOTAtNTUzLWxvY2F0aW9uLndlYnNpdGU%3D,,N/A
Perkins Restaurant & Bakery,(651) 457-1331,N/A,http://www.perkinsrestaurants.com,55118,"1365 Robert St S, Saint Paul, MN 55118"
Granny's Donuts,(651) 451-6132,N/A,https://www.facebook.com/pages/Grannys-Donuts/117637168261782?fref=ts,55118,"1555 Robert St S, Saint Paul, MN 55118"
Bruegger's Bagels,(952) 829-9532,franchise@brueggers.com,https://locations.brueggers.com/us/mn/eden-prairie/9641-anderson-lakes-parkway?y_source=1_OTczMjE1Ny01NTMtbG9jYXRpb24ud2Vic2l0ZQ%3D%3D,55344,"9641 Anderson Lakes Pkwy, Eden Prairie, MN 55344"
Lunds & Byerlys,(952) 476-2222,N/A,http://www.lundsandbyerlys.com,55391,"1151 Wayzata Blvd E, Wayzata, MN 55391"
Bruegger's Bagels,(763) 553-9893,fonofrio@mason23.com,https://locations.brueggers.com/us/mn/plymouth/4000-annapolis-lane?y_source=1_OTczMjExNS01NTMtbG9jYXRpb24ud2Vic2l0ZQ%3D%3D,55447,"4000 Annapolis Ln N Ste 109, Plymouth, MN 55447"
Great American Cookies,(952) 858-9814,N/A,http://www.greatamericancookies.com,55425,"60 E Broadway  Mall Of America, Bloomington, MN 55425"
Dunkin',(651) 348-8361,N/A,https://locations.dunkindonuts.com/en/mn/maplewood/1275-county-road-d-e/358007?utm_source=yext&utm_medium=local&utm_campaign=localmaps&utm_content=358007,55109,"1275 County Road D E Ste 106B, Maplewood, MN 55109"
St Paul Flatbread Co,(651) 291-8700,facebook@ci.austin.mn.us,http://www.ci.austin.mn.us,55107,"439 Robert St S, Saint Paul, MN 55107"
Pdq Food Store,(651) 202-3943,N/A,http://fresh-spot.com,55112,"950 County Road D W, Saint Paul, MN 55112"
Perkins Restaurant & Bakery,(651) 699-0393,N/A,http://www.perkinsrestaurants.com,55116,"800 Cleveland Ave S, Saint Paul, MN 55116"
EarthGrains,(651) 636-8400,N/A,N/A,55113,"2745 Long Lake Rd, Saint Paul, MN 55113"
Bakers Square,(952) 935-0171,N/A,http://www.bakerssquare.com,55343,"210 Blake Rd N, Hopkins, MN 55343"
Dunkin',(651) 788-9289,N/A,https://locations.dunkindonuts.com/en/mn/roseville/2465-fairview-ave-n/362874?utm_source=yext&utm_medium=local&utm_campaign=localmaps&utm_content=362874,55113,"2465 Fairview Ave N, Roseville, MN 55113"
Dunkin',(651) 207-8595,N/A,https://locations.dunkindonuts.com/en/mn/saint-paul/143-snelling-ave-n/358403?utm_source=yext&utm_medium=local&utm_campaign=localmaps&utm_content=358403,55104,"143 Snelling Ave N, Saint Paul, MN 55104"
Perkins Restaurant & Bakery,(651) 659-0772,N/A,http://www.perkinsrestaurants.com,55104,"1544 University Ave W, Saint Paul, MN 55104"
Perkins Restaurant & Bakery,(763) 574-1670,N/A,https://stores.perkinsrestaurants.com/us/mn/fridley/7520-university-ave-ne.html,55432,"7520 University Ave NE, Fridley, MN 55432"
Lunds & Byerlys,(651) 698-5845,catering@lundsandbyerlys.com,http://www.lundsandbyerlys.com,55116,"2128 Ford Pkwy, Saint Paul, MN 55116"
Perkins Restaurant & Bakery,(763) 533-1313,N/A,https://stores.perkinsrestaurants.com/us/mn/crystal/5420-w-broadway-avenue.html,55428,"5420 W Broadway Ave, Crystal, MN 55428"
Dunkin',(651) 340-1084,customerservice@dunkinbrands.com,http://www.dunkindonuts.com,55113,"2425 Rice St, Saint Paul, MN 55113"
Perkins Restaurant & Bakery,(763) 328-0256,N/A,https://stores.perkinsrestaurants.com/us/mn/roseville/1495-county-road-b-west.html,55113,"1495 County Road B W, Roseville, MN 55113"
Bruegger's Bagels,(651) 221-1909,franchise@brueggers.com,https://locations.brueggers.com/us/mn/saint-paul/800-grand-ave?y_source=1_OTczMjA1MS01NTMtbG9jYXRpb24ud2Vic2l0ZQ%3D%3D,55105,"800 Grand Ave, Saint Paul, MN 55105"
Dunkin',(612) 727-1667,N/A,https://locations.dunkindonuts.com/en/mn/saint-paul/minneapolis-st.-paul-int.-airport/355310?utm_source=yext&utm_medium=local&utm_campaign=localmaps&utm_content=355310,55111,"Minneapolis-St. Paul Int. Airport Main Term - Post Security, Saint Paul, MN 55111"
Perkins Restaurant & Bakery,(612) 428-0206,N/A,https://stores.perkinsrestaurants.com/us/mn/minnetonka/11300-minnesota-7.html,55305,"11300 Highway 7, Minnetonka, MN 55305"
Dunkin',(612) 354-4500,N/A,http://www.dunkindonuts.com,55427,"7820 42nd Ave N, New Hope, MN 55427"
Perkins Restaurant & Bakery,(763) 328-0254,N/A,https://stores.perkinsrestaurants.com/us/mn/golden-valley/6920-wayzata-blvd.html,55426,"6920 Wayzata Blvd, Golden Valley, MN 55426"
Perkins Restaurant & Bakery,(952) 927-4049,N/A,https://stores.perkinsrestaurants.com/us/mn/edina/4917-eden-ave.html,55424,"4917 Eden Ave, Edina, MN 55424"
Bakers Square,(651) 698-0775,N/A,http://www.bakerssquare.com,55116,"2239 Ford Pkwy, Saint Paul, MN 55116"
Cakes by Debby,(612) 208-5002,N/A,N/A,,N/A
Cakes for Your Occasions,(612) 817-8381,maryz@cakesforyouroccasions.com,http://www.cakesforyouroccasions.com,,N/A
Bruegger's Bagels,(651) 635-0185,franchise@brueggers.com,https://locations.brueggers.com/us/mn/roseville/2712-lincoln-drive?y_source=1_OTczMjEyMC01NTMtbG9jYXRpb24ud2Vic2l0ZQ%3D%3D,55113,"2712 Lincoln Dr, Roseville, MN 55113"
Perkins Restaurant & Bakery,(612) 428-1847,N/A,https://stores.perkinsrestaurants.com/us/mn/new-brighton/696-w-county-rd-d.html,55112,"696 County Road D W, New Brighton, MN 55112"
Bimbo Bakeries USA,(651) 994-7541,N/A,N/A,55121,"990 Apollo Rd, Saint Paul, MN 55121"
Bimbo Bakeries Usa,(651) 688-8332,N/A,http://bimbobakeriesusa.com,55121,"3255 Neil Armstrong Blvd, Saint Paul, MN 55121"
Chez Arnaud,(651) 653-5658,N/A,http://myfrenchbakery.net,55110,"4735 Highway 61 N, Saint Paul, MN 55110"
Red 24,(612) 207-6655,N/A,http://www.red24bags.com,55107,"106 Water St W, Saint Paul, MN 55107"
Taystee Bakery,(651) 779-6552,N/A,N/A,55110,"2000 County Road E E, Saint Paul, MN 55110"
Donuts Deluxe,(651) 748-8375,N/A,https://www.facebook.com/pages/Donuts-Deluxe/111693195533487,55110,"1640 County Road E E, Saint Paul, MN 55110"
Bimbo Bakeries USA,(651) 779-6552,N/A,N/A,55110,"2000 County Road E E, Saint Paul, MN 55110"
Sara Lee,(651) 779-6552,N/A,N/A,55110,"2002 County Road E E, Saint Paul, MN 55110"
Jerabek's New Bohemian Cffhse,(651) 228-1245,N/A,N/A,55107,"63 Winifred St W, Saint Paul, MN 55107"
White Bear Ave Bakery,(651) 774-0760,N/A,N/A,55106,"1515 White Bear Ave N, Saint Paul, MN 55106"
Taystee Baking Thrift Store,(651) 779-6996,N/A,N/A,55109,"2130 11th Ave E, Saint Paul, MN 55109"
Cinnabon,(651) 773-5505,N/A,http://www.cinnabon.com,55109,"1054 Maplewood Mall, Saint Paul, MN 55109"
Panaderia Lindo Amanecer,(651) 738-9177,N/A,N/A,55106,"800 White Bear Ave N, Saint Paul, MN 55106"
Rubios Bakery Panderia,(651) 731-9479,N/A,N/A,55119,"1990 Suburban Ave, Saint Paul, MN 55119"
Walmart - Bakery,(651) 486-7001,N/A,http://www.walmart.com,55127,"850 County Road E E, Vadnais Heights, MN 55127"
Milly's Bakery,(651) 312-1375,milly@millysbakery.net,N/A,55107,"421 Wabasha St S, Saint Paul, MN 55107"
Grandma's Bakery,(651) 779-0707,mickey@grandmasbakery.com,http://www.grandmasbakery.com,55110,"1765 Buerkle Rd, Saint Paul, MN 55110"
Great Harvest Bread Company,(952) 476-2515,rkloser@greatharvest.com,http://www.greatharvest.com,55345,"17416 Minnetonka Blvd, Minnetonka, MN 55345"
Cinnabon,(952) 858-8208,N/A,https://locations.cinnabon.com/mn/bloomington/e-180-broadway?utm_source=extnet&utm_medium=organic&utm_campaign=locations_partner,55425,"180 E Broadway, Bloomington, MN 55425"
Nadia Cakes,(763) 575-8885,maplegroveinfo@nadiacakes.com,http://www.nadiacakes.com,55369,"11650 Fountains Dr, Maple Grove, MN 55369"
East African Injera,(651) 489-9220,info@eastafricanbakery.com,N/A,55104,"786 University Ave W, Saint Paul, MN 55104"
Breadsmith,(952) 475-0099,David_Wright@breadsmith.com,http://www.breadsmith.com,55305,"1816 Plymouth Rd, Hopkins, MN 55305"
Rosemark Bakery,(651) 698-3838,N/A,N/A,55105,"258 Snelling Ave S, Saint Paul, MN 55105"
Wuollet Bakery,(952) 473-8621,wuolletbakery@yahoo.com,http://www.wuollet.com,55391,"795 Lake St E, Wayzata, MN 55391"
Bars Bakery,(651) 224-8300,N/A,http://www.barsbakery.com,55102,"612 Selby Ave, Saint Paul, MN 55102"
Trotters Cafe & Bakery,(651) 645-3009,N/A,N/A,55113,"1844 Hamline Ave N, Saint Paul, MN 55113"
La Brea Bakery Cafe,(612) 727-1849,N/A,N/A,55111,"Minneapolis - St Paul International Airport - Terminal 1, Saint Paul, MN 55111"
Enticing Icing LLC,(612) 440-8009,contact@enticing-icing.com,http://www.enticing-icing.com,55117,"955 Mackubin St, Saint Paul, MN 55117"
Bravo Bakery,(651) 287-9118,bravocafe@gmail.com,http://bravobakery.net,55105,"1106 Grand Ave, Saint Paul, MN 55105"
Sugar Rush,(651) 797-3354,sugarush.bakery@gmail.com,N/A,55104,"712 University Ave W, Saint Paul, MN 55104"
Nothing Bundt Cakes,(651) 683-2343,saintpaul-mn@nothingbundtcakes.com,http://nothingbundtcakes.com/bakery/MN/st-paul-mn,55105,"1580 Grand Ave, Saint Paul, MN 55105"
Great Harvest Bread Company,(651) 221-1057,N/A,http://www.greatharvest.com,55102,"534 Selby Ave, Saint Paul, MN 55102"
Bread & Chocolate,(651) 228-1017,N/A,http://www.breadandchocolatebakery.com,55105,"867 Grand Ave, Saint Paul, MN 55105"
Breadsmith,(651) 690-3224,david@breadsmithMN.com,http://www.breadsmithmn.com,55105,"1579 Grand Ave, Saint Paul, MN 55105"
Wuollet Bakery,(651) 292-9035,wuolletbakery@yahoo.com,http://www.wuollet.com,55105,"1080 Grand Ave, Saint Paul, MN 55105"
A Piece Of Cake,(651) 846-0016,apieceofcakebonvie@gmail.com,http://apieceofcakebakery.net,55102,"485 Selby Ave, Saint Paul, MN 55102"
Trung Nam French Bakery,(651) 229-0887,quoctl@gmail.com,https://www.facebook.com/trungnambakery,55104,"739 University Ave W, Saint Paul, MN 55104"
Yoga Pants Bakery,(651) 329-8401,N/A,https://www.yogapantsbakery.com,55113,"1704 Eustis St, Saint Paul, MN 55113"
Thuro Bread,(651) 379-4809,N/A,http://thurobread.com,55104,"2036 Marshall Ave, Saint Paul, MN 55104"
Favorable Treats,(651) 329-0420,N/A,N/A,55104,"2036 Marshall Ave, Saint Paul, MN 55104"
Little Cake Studio,(651) 340-7138,N/A,N/A,55104,"2042 Marshall Ave, Saint Paul, MN 55104"
Westpoint Home,(651) 646-0454,N/A,http://westpointhome.com,55108,"2149 Knapp St, Saint Paul, MN 55108"
Lu Core Foods,(612) 338-6751,N/A,N/A,55402,"800 Lasalle Ave Ste 213, Minneapolis, MN 55402"
Bruegger's,(612) 338-8294,N/A,http://www.brueggers.com,55454,"815 25th Ave S, Minneapolis, MN 55454"
Lid's Cupcakes,(651) 387-2341,N/A,N/A,55443,"3118 98th Ave N, Minneapolis, MN 55443"
Bruegger's,(612) 866-2765,N/A,http://www.brueggers.com,55423,"6600 Penn Ave S, Minneapolis, MN 55423"
Lunds & Byerlys,(763) 268-1624,N/A,http://www.lundsandbyerlys.com,55447,"3455 Vicksburg Ln N, Minneapolis, MN 55447"
Perkins Restaurant & Bakery,(952) 835-5298,N/A,http://www.perkinsrestaurants.com,55437,"9805 Normandale Blvd, Minneapolis, MN 55437"
Bruegger's,(763) 545-3137,N/A,http://www.brueggers.com,55427,"3858 Winnetka Ave N, Minneapolis, MN 55427"
Perkins Restaurant & Bakery,(952) 831-8855,N/A,http://www.perkinsrestaurants.com,55429,"494 France Pl, Minneapolis, MN 55429"
Lunds & Byerlys,(612) 729-4000,N/A,http://www.lundsandbyerlys.com,55407,"4725 Cedar Ave S, Minneapolis, MN 55407"
Donut Connection,(952) 426-4671,N/A,N/A,55416,"4057 Highway 7, Minneapolis, MN 55416"
Rounds INC,(612) 823-1563,N/A,N/A,55408,"1104 Lagoon Ave, Minneapolis, MN 55408"
Rustica Eden Prairie,(952) 479-7631,N/A,https://www.rusticabakery.com,55437,"8107 Eden Prairie Rd, Minneapolis, MN 55437"
Lunds & Byerlys,(763) 544-8846,vin@graphicd-signs.com,http://www.lundsandbyerlys.com,55422,"5725 Duluth St, Minneapolis, MN 55422"
Bakers Square,(763) 553-0835,N/A,http://www.bakerssquare.com,55442,"4100 Vinewood Ln N, Minneapolis, MN 55442"
Lucia's Restaurant,(612) 825-1572,N/A,http://www.lucias.com,55408,"1428 W 31st St, Minneapolis, MN 55408"
Perkins Restaurant & Bakery,(612) 339-6865,N/A,http://www.perkinsrestaurants.com,55406,"901 27th Ave S, Minneapolis, MN 55406"
Perkins Restaurant & Bakery,(612) 851-5000,N/A,http://www.perkinsrestaurants.com,55402,"80 S 8th St, Minneapolis, MN 55402"
Lunds & Byerlys,(612) 861-1881,catering@lundsandbyerlys.com,http://www.lundsandbyerlys.com,55423,"6228 Penn Ave S, Minneapolis, MN 55423"
Bruegger's,(952) 927-6286,franchise@brueggers.com,http://www.brueggers.com,55416,"5400 Excelsior Blvd, Minneapolis, MN 55416"
Lunds & Byerlys,(612) 548-3820,Contact@LundsandByerlys.com,http://www.lundsandbyerlys.com,55414,"25 University Ave SE, Minneapolis, MN 55414"
Oxendale's Market,(612) 724-4474,info@oxendalesmarket.com,http://www.oxendalesgroceryminneapolis.com,55417,"5025 34th Ave S, Minneapolis, MN 55417"
Jerry's Enterprises-General Offices,(952) 929-2685,scott@jerrysprinting.com,https://www.jerrysfoods.com,55436,"5125 Vernon Ave S, Minneapolis, MN 55436"
Cookies by Design,(763) 545-5777,ordersadmin@cookiesbydesign.com,http://www.cookiesbydesign.com,55441,"10100 6th Ave N Ste 121, Minneapolis, MN 55441"
Empire Coffee & Pastry,(612) 331-3877,empireminneapolis@gmail.com,http://www.empireminneapolis.com,55413,"451 Stinson Blvd, Minneapolis, MN 55413"
Arkady's Market,(763) 544-9000,kozyrevmain@gmail.com,http://www.arkadysmarket.com,55441,"3435 Highway 169 N, Minneapolis, MN 55441"
Bakers Square,(612) 861-7471,N/A,http://www.bakerssquare.com,55423,"3000 W 66th St, Minneapolis, MN 55423"
Bakers Square,(952) 881-4080,bsqcustomerservice@abrholdings.com,http://www.bakerssquare.com,55420,"611 W 98th St, Minneapolis, MN 55420"
The Deco Catering,(612) 623-4477,N/A,http://www.decocatering.com,55413,"2010 E Hennepin Ave Ste 7, Minneapolis, MN 55413"
Pickles Café & Catering,(763) 521-1113,picklescafe@aol.com,http://www.thepicklescafe.com,55422,"4705 36th Ave N, Minneapolis, MN 55422"
Grand Cafe,(612) 822-8260,mary@grandcafempls.com,https://keepitgrandmn.com,55409,"3804 Grand Ave S, Minneapolis, MN 55409"
Bruegger's Bagels,(612) 378-2145,facebook@brueggers.com,https://locations.brueggers.com/us/mn/minneapolis/720-washington-avenue-se?y_source=1_OTczMjE1MC01NTMtbG9jYXRpb24ud2Vic2l0ZQ%3D%3D,55414,"720 Washington Ave SE, Minneapolis, MN 55414"
Lunds & Byerlys,(612) 379-5040,Contact@LundsandByerlys.com,http://www.lundsandbyerlys.com,55403,"1201 Hennepin Ave, Minneapolis, MN 55403"
Mel-O-Glaze Bakery & Donut Shop,(612) 729-9316,N/A,N/A,55417,"4800 28th Ave S, Minneapolis, MN 55417"
Cookie Cart,(612) 521-0855,info@cookiecart.org,http://www.cookiecart.org,55411,"1119 W Broadway Ave, Minneapolis, MN 55411"
Holy Land Brand Inc,(612) 781-2627,jillsachs@holylandbrand.com,N/A,55418,"2513 Central Ave NE, Minneapolis, MN 55418"
Mama's Bakery Pizza & Salad Bar,(612) 767-1681,N/A,N/A,55402,"800 Nicollet Mall, Minneapolis, MN 55402"
Great Northern Baking Company,(612) 331-1043,N/A,http://www.greatnorthernbaking.com,55413,"443 Hoover St NE, Minneapolis, MN 55413"
Franklin Street Bakery,(612) 871-3286,rossanna@franklinstreetbakery.com,http://www.franklinstreetbakery.com,55404,"1020 E Franklin Ave, Minneapolis, MN 55404"
Bogart's Doughnut Co.,(612) 886-1670,hello@bogartsdoughnutco.com,http://www.bogartsdoughnutco.com,55408,"904 W 36th St, Minneapolis, MN 55408"
Aki's Bread Haus,(612) 578-7897,N/A,http://www.akisbreadhaus.com,55418,"2506 Central Ave NE, Minneapolis, MN 55418"
The Lynhall No. 2640 LynLake,(612) 870-2640,careers@thelynhall.com,http://thelynhall.com/?y_source=1_ODU0MDMyMy01NTMtbG9jYXRpb24ud2Vic2l0ZQ%3D%3D,55408,"2640 Lyndale Ave S, Minneapolis, MN 55408"
Sunrise Donuts,(952) 303-4982,N/A,http://www.facebook.com/pages/Sunrise-Donuts/116607361697129,55420,"9010 Lyndale Ave S, Minneapolis, MN 55420"
Cardigan Donuts,(612) 259-7804,N/A,https://cardigandonuts.com,55402,"City Center, 40 S 7th St, Minneapolis, MN 55402"
Rebecca's Bakery,(612) 455-0236,rebeccasbakery@gmail.com,http://www.rebeccasbakery.com,55404,"2111 E Franklin Ave Ste 2, Minneapolis, MN 55404"
Salty Tart Patisserie,(612) 874-9206,N/A,http://www.saltytart.com,55407,"920 E Lake St Ste 158, Minneapolis, MN 55407"
Top Tier,(952) 884-6972,N/A,N/A,55420,"651 E Old Shakopee Rd, Minneapolis, MN 55420"
Valley Pastries,(763) 541-1535,info@valleypastries.com,https://www.facebook.com/Valley-Pastries-129968857062635,55427,"2570 Hillsboro Ave N, Minneapolis, MN 55427"
Rush City Bakery,(612) 332-8933,N/A,N/A,55402,N/A
,,N/A,N/A,,N/A
Lunds & Byerlys,(952) 277-8663,contact@lundsandbyerlys.com,http://www.lundsandbyerlys.com,55435,"7171 France Ave S, Minneapolis, MN 55435"
Le Petit Marche,(952) 835-1900,N/A,http://sofitel.com,55439,"5601 W 78th St, Minneapolis, MN 55439"
La Concha Bakery,(952) 426-0559,N/A,N/A,55420,"8555 Lyndale Ave S, Minneapolis, MN 55420"
Viridiana's Bakery,(612) 869-1764,N/A,N/A,55423,"6501 Nicollet Ave, Minneapolis, MN 55423"
La Concha Bakery & Cafe,(612) 866-8372,N/A,N/A,55423,"6451 Lyndale Ave S, Minneapolis, MN 55423"
Au Bon Pain,(763) 259-4227,feedback@aubonpain.com,http://www.aubonpain.com,55427,"965 Decatur Ave N, Minneapolis, MN 55427"
Panaderia La Loma,(763) 537-4749,N/A,N/A,55428,"120 Willow Bnd, Minneapolis, MN 55428"
Keys Cafe & Bakery,(763) 785-6004,N/A,http://www.keyscafe.com,55432,"8299 University Ave NE, Minneapolis, MN 55432"
Dina's Bakery & Cafe,(612) 798-1735,N/A,N/A,55423,"6451 Lyndale Ave S, Minneapolis, MN 55423"
El Duranguense Bakery,(612) 354-2315,N/A,N/A,55418,"2416 Central Ave NE, Minneapolis, MN 55418"
Baker Associates Inc,(612) 333-1237,N/A,N/A,55401,"413 Nicollet Mall, Minneapolis, MN 55401"
Bread Basket,(612) 929-9110,N/A,N/A,55416,"3212 W Lake St, Minneapolis, MN 55416"
Panaderia Lomabonita,(763) 999-6888,N/A,N/A,55447,"3141 Fernbrook Ln N, Minneapolis, MN 55447"
Rosie's Cupcakery,(952) 210-2613,kendrarosecupcakes@gmail.com,N/A,55420,"8121 2nd Ave S, Minneapolis, MN 55420"
Mcglynn Bakeries Inc,(763) 424-2991,N/A,N/A,55445,"8020 Brooklyn Blvd, Minneapolis, MN 55445"
Cinnabon,(952) 858-8208,N/A,http://www.cinnabon.com,55425,"60 E Broadway, Minneapolis, MN 55425"
Cinnabon,(763) 503-4802,N/A,http://www.cinnabon.com,55430,"1180 Shingle Creek Xing, Minneapolis, MN 55430"
Cinnabon,(952) 922-2530,N/A,http://www.cinnabon.com,55435,"3425 W 66th St, Minneapolis, MN 55435"
Walmart - Bakery,(763) 354-1941,N/A,http://www.walmart.com,55430,"1200 Shingle Creek Xing, Minneapolis, MN 55430"
Lucky Oven Bakery,(612) 353-6232,N/A,N/A,55419,"5401 Penn Ave S, Minneapolis, MN 55419"
Panaderia Oralia's,(763) 533-1228,N/A,N/A,55422,"6123 42nd Ave N, Minneapolis, MN 55422"
Hans' Bakery,(763) 421-4200,info@hans-bakery.com,http://hans-bakery.com,55449,"10400 Baltimore St NE, Minneapolis, MN 55449"
Turtle Bread,(612) 223-8590,N/A,https://terraexports.com,55417,"5601 Chicago Ave, Minneapolis, MN 55417"
Sunshine Bakery,(612) 315-4458,N/A,N/A,55418,"3654 Stinson Blvd, Minneapolis, MN 55418"
Panaderia Lomabonita,(763) 331-0470,N/A,N/A,55421,"923 45th Ave NE, Minneapolis, MN 55421"
Cinnabon,(952) 858-8208,N/A,http://www.cinnabon.com,55401,"Mall Of America, Minneapolis, MN 55401"
Baker Properties,(952) 893-2224,N/A,N/A,55416,"1660 Highway 100 S, Minneapolis, MN 55416"
Little Pete's,(952) 217-4591,N/A,N/A,55439,"7015 Amundson Ave, Minneapolis, MN 55439"
Christina's Cafe,(612) 333-7912,N/A,http://christinas-cafe.com,55401,"119 N 4th St, Minneapolis, MN 55401"
Bimbo Bakeries,(612) 861-5926,N/A,http://bimbobakeriesusa.com,55423,"6949 Nicollet Ave, Minneapolis, MN 55423"
Panaderia La Espiga,(763) 717-1720,N/A,N/A,55432,"8347 University Ave NE Ste A, Minneapolis, MN 55432"
Patisserie Margo,(952) 926-0548,N/A,N/A,55436,"5133 Gus Young Ln, Minneapolis, MN 55436"
Sweets Bakeshop,(612) 208-0672,weddings@sweetsbakeshop.com,http://sweetsbakeshop.com,55419,"4747 Nicollet Ave, Minneapolis, MN 55419"
Taystee Bakery Outlet,(612) 861-5926,N/A,N/A,55423,"6949 Nicollet Ave, Minneapolis, MN 55423"
Crescent Moon Bakery,(612) 767-3313,listings@greenspring.com,http://www.crescentmoonfoods.net,55414,"1517 Como Ave SE, Minneapolis, MN 55414"
Rose Street Patisserie,(612) 259-7921,N/A,http://patisserie46.com,55410,"2811 W 43rd St, Minneapolis, MN 55410"
Lofthouse Bakery Products Inc,(763) 574-2222,N/A,N/A,55432,"7350 Commerce Ln NE, Minneapolis, MN 55432"
Muffin Man Cafe,(952) 922-5539,N/A,N/A,55426,"6490 Excelsior Blvd Ste E06, Minneapolis, MN 55426"
Marissa's Bakery,(612) 871-4519,virisbakery@gmail.com,http://www.marissasinc.com,55408,"2750 Nicollet Ave, Minneapolis, MN 55408"
Panaderia El Savor Ecuatoriano,(612) 208-1452,N/A,N/A,55408,"339 E Lake St, Minneapolis, MN 55408"
Bakers' Field Flour & Bread,(612) 545-5555,Contact@Bakersfieldflour.Com,http://bakersfieldflour.com,55413,"1401 Marshall St NE, Minneapolis, MN 55413"
Holy Land Brand,(612) 870-6104,mw@holylandbrand.com,http://www.holylandbrand.com,55407,"920 E Lake St, Minneapolis, MN 55407"
Crescent Moon Bakery,(612) 782-0169,homeofthefootballpizza@gmail.com,http://crescentmoonbakery.com,55418,"2339 Central Ave NE, Minneapolis, MN 55418"
Holy Land Bakery & Deli,(612) 781-2627,jerilynnwright@holylandbrand.com,http://holylandbrand.com,55418,"2513 Central Ave NE, Minneapolis, MN 55418"
